INSERT INTO Employees (name, phone, address, email, join_date, depart_date) VALUES ('Tom', 9999991, 123451, 'tom@gmail.com', '2020-04-01',	null),
('Dick', 9999992, 123452, 'dick@gmail.com'	, '2020-04-01',	null),
('Harry', 9999993, 123453, 'harry@gmail.com', '2020-04-01', null),
('Bell',	9999994, 123454 , 'bell@gmail.com',  '2020-04-01',	null),
('Marry', 9999995, 123455, 'marry@gmail.com', '2020-04-01', '2020-04-30'),
('Terry', 9999996, 123456, 'terry@gmail.com', '2020-04-01', '2020-04-07'),
('Jane',	9999997, 123457, 'jane@gmail.com', '2020-04-01',	null),
('Sally', 9999998, 123458, 'sally@gmail.com	', '2020-04-01', null),
('Dickson', 9999999,123459, 'dickson@gmail.com',	'2020-04-01', null),
('John', 9999990, 123460, 'john@gmail.com',	 '2020-04-01', null)
;

INSERT INTO Part_time_Emp VALUES
(6,	10),
(7,	10),
(8,	10),
(9,	10),
(10, 10);

INSERT INTO Full_time_Emp VALUES
(1,	3000),
(2,	3000),
(3,	3000),
(4,	3000),
(5,	3000);

INSERT INTO Pay_slips VALUES
(1,	'2020-04-30', 3000, null, 30),
(2,	'2020-04-30', 3000, null, 30),
(3,	'2020-04-30', 2800, null, 28),
(4,	'2020-04-30', 2800, null, 28),
(5,	'2020-04-30', 3000, null, 30),
(6,	'2020-04-30', 100, 10, null),
(7,	'2020-04-30',300, 30, null),
(8,	'2020-04-30', 200, 20, null),
(9,	'2020-04-30', 200, 20, null),
(10, '2020-04-30', 200, 30, null);

INSERT INTO Instructors VALUES
(2),
(4),
(6),
(8),
(10);

INSERT INTO Part_time_instructors VALUES
(6),
(8),
(10);

INSERT INTO Full_time_instructors VALUES 
(2),
(4);

INSERT INTO Managers VALUES (1);

INSERT INTO Administrators VALUES 
(3),
(5);

INSERT INTO Course_areas VALUES
('Computing 01', 1),
('Computing 02', 1),
('Computing 03', 1),
('Computing 04', 1),
('Computing 05', 1),
('Computing 06', 1),
('Computing 07', 1),
('Computing 08', 1),
('Computing 09', 1),
('Computing 10', 1);

INSERT INTO Specializes VALUES 
(2, 'Computing 01'), 
(2, 'Computing 02'), 
(4, 'Computing 03'), 
(4, 'Computing 04'), 
(6, 'Computing 05'), 
(6, 'Computing 06'), 
(8, 'Computing 07'), 
(8, 'Computing 08'),
(10, 'Computing 09'), 
(10, 'Computing 10');

INSERT INTO Courses (title, duration, description, name) VALUES
('CS1010', 4, 'cs1010_01', 'Computing 01'),
('CS2010', 4, 'cs2010_02', 'Computing 02'),
('CS3010', 4, 'cs3010_03', 'Computing 03'),
('CS4010', 4, 'cs4010_04', 'Computing 04'),
('CS5010', 4, 'cs5010_05', 'Computing 05'),
('CS6010', 4, 'cs6010_06', 'Computing 06'),
('CS7010', 4, 'cs7010_07', 'Computing 07'),
('CS8010', 4, 'cs8010_08', 'Computing 08'),
('CS9010', 4, 'cs9010_09', 'Computing 09'),
('CS1234', 4, 'cs1234_10' ,'Computing 10');

INSERT INTO Owns VALUES
('2021-10-01', 1, '5140164490919192'),
('2019-04-01', 2, '5344610134228782'),
('2020-05-01', 3, '5234352971639424'),
('2022-10-01', 4, '5450736293191055'),
('2024-08-01', 5, '5297378218777531'),
('2020-11-01', 6, '4929855400823578'),
('2019-09-01', 7, '4929952829908583'),
('2022-06-01', 8, '4556609775025594'),
('2022-05-01', 9, '4716087919245161'),
('2024-01-01', 10, '4556779474584066');

INSERT INTO Buys VALUES
('2021-01-12',	3, 2, '5140164490919192', 1),
('2021-02-09',	4, 1, '5344610134228782', 2),
('2021-03-12',	2, 3, '5234352971639424', 3),
('2021-04-11',	5, 6, '5450736293191055', 4),
('2021-05-12',	3, 4, '5297378218777531', 5),
('2021-06-11',	5, 8, '4929855400823578', 6),
('2021-07-12',	6, 10, '4929952829908583', 7),
('2021-08-12',	3, 5, '4556609775025594', 8),
('2021-09-11',	2, 9, '4716087919245161', 9),
('2021-10-12',	4, 7, '4556779474584066', 10);

INSERT INTO Redeems VALUES 
('2021-01-19',	1,	'2020-12-29', 1, 1,	'2021-01-12', 2, '5140164490919192', 1),
('2021-02-16',	2,	'2021-01-26', 2, 2,	'2021-02-09', 1, '5344610134228782', 2),
('2021-03-19',	3,	'2021-02-26', 3, 3,	'2021-03-12', 3, '5234352971639424', 3),
('2021-04-18',	4,	'2021-03-28', 4, 4,	'2021-04-11', 6, '5450736293191055', 4),
('2021-05-19',	5,	'2021-04-28', 5, 5,	'2021-05-12', 4, '5297378218777531', 5),
('2021-06-18',	6,	'2021-05-28', 6, 6,	'2021-06-11', 8, '4929855400823578', 6),
('2021-07-19',	7,	'2021-06-28', 7, 7,	'2021-07-12', 10, '4929952829908583', 7),
('2021-08-19',	8,	'2021-07-29', 8, 8,	'2021-08-12', 5, '4556609775025594', 8),
('2021-09-18',	9,	'2021-08-28', 9, 9,	'2021-09-11', 9, '4716087919245161', 9),
('2021-10-19',	10,	'2021-09-28', 10, 10, '2021-10-12', 7, '4556779474584066', 10);

INSERT INTO Cancels VALUES 
('2021-01-26',	1,	1,	'2020-12-29',	1,	1,	125.5,	1),
('2021-02-23',	2,	2,	'2021-01-26',	2,	2,	150.5,	1),
('2021-03-26',	3,	3,	'2021-02-26',	3,	3,	175.5,	1),
('2021-04-25',	4,	4,	'2021-03-28',	4,	4,	200.5,	1),
('2021-05-26',	5,	5,	'2021-04-28',	5,	5,	225.5,	1),
('2021-06-25',	6,	6,	'2021-05-28',	6,	6,	230.5,	1),
('2021-07-26',	7,	7,	'2021-06-28',	7,	7,	245.5,	1),
('2021-08-26',	8,	8,	'2021-07-29',	8,	8,	275.5,	1),
('2021-09-25',	9,	9,	'2021-08-28',	9,	9,	300.5,	1),
('2021-10-26',	10,	10,	'2021-09-28',	10,	10,	325.5,	1);
